method,k,category,precision_at_5
TF-IDF,,Overall,0.713
TF-IDF,,comp.graphics,0.77
TF-IDF,,rec.sport.baseball,0.794
TF-IDF,,sci.med,0.686
TF-IDF,,sci.space,0.62
TF-IDF,,talk.politics.misc,0.695
LSA,20.0,Overall,0.769
LSA,20.0,comp.graphics,0.8080000000000002
LSA,20.0,rec.sport.baseball,0.82
LSA,20.0,sci.med,0.769
LSA,20.0,sci.space,0.69
LSA,20.0,talk.politics.misc,0.758
LSA,50.0,Overall,0.7452000000000001
LSA,50.0,comp.graphics,0.77
LSA,50.0,rec.sport.baseball,0.7880000000000001
LSA,50.0,sci.med,0.735
LSA,50.0,sci.space,0.675
LSA,50.0,talk.politics.misc,0.7580000000000001
LSA,100.0,Overall,0.732
LSA,100.0,comp.graphics,0.7669999999999999
LSA,100.0,rec.sport.baseball,0.795
LSA,100.0,sci.med,0.7120000000000001
LSA,100.0,sci.space,0.65
LSA,100.0,talk.politics.misc,0.736
LSA,200.0,Overall,0.716
LSA,200.0,comp.graphics,0.7559999999999999
LSA,200.0,rec.sport.baseball,0.7879999999999999
LSA,200.0,sci.med,0.696
LSA,200.0,sci.space,0.639
LSA,200.0,talk.politics.misc,0.701
